epoch,lr,train_auc,train_auc_pr,train_f1,train_accuracy,train_sensitivity,train_specificity,train_ppv,train_npv,train_kappa,train_mcc,train_ece,train_sens_at_95spec,train_sens_at_99spec,train_loss,train_grad_norm,val_auc,val_auc_pr,val_f1,val_accuracy,val_sensitivity,val_specificity,val_ppv,val_npv,val_kappa,val_mcc,val_ece,val_sens_at_95spec,val_sens_at_99spec,val_loss
1,4e-05,0.8575793455999999,0.8585012106153934,0.7799682034976153,0.77856,0.784959999999686,0.7721599999996911,0.7750394944704679,0.7821717990272358,0.5571200000000001,0.5571656448793193,0.03987221552182737,0.45064,0.22112,0.4747470836353302,4.54859772951879,0.9153747499999999,0.9129597843611179,0.8250032624298578,0.832375,0.7902499999980244,0.8744999999978138,0.8629538629515071,0.8065483052782879,0.66475,0.6671218526877669,0.03887322333942754,0.62575,0.343,0.3823378274440765
2,6e-05,0.9277643008,0.9316423364130935,0.8506844307242374,0.85296,0.8377199999996648,0.8681999999996527,0.8640564402999983,0.842519990683626,0.70592,0.7062481392261807,0.008277625955693759,0.69624,0.43572,0.3423462795448303,4.8349885450138625,0.9306088750000001,0.9305326436848473,0.8302914737128848,0.84425,0.761999999998095,0.9264999999976837,0.9120287253114542,0.7956204379544963,0.6885,0.6980089175015329,0.06069526490081103,0.70275,0.42975,0.3560176650285721
3,8e-05,0.9490750424,0.952376592634073,0.8794632933901833,0.8807,0.8704399999996518,0.8909599999996436,0.888675623800021,0.8730451142551354,0.7614,0.7615603521427129,0.008468845376262656,0.7756,0.53736,0.2890597101640701,4.1528925110114665,0.9402751249999999,0.9433196846713615,0.8575558475689882,0.8645,0.8157499999979606,0.9132499999977169,0.9038781163409865,0.8321184510231615,0.729,0.7324899300411378,0.03783660615000371,0.73475,0.5005,0.3209521278142929
4,0.0001,0.9609721624,0.9638156262861334,0.8963560455595638,0.89772,0.8845599999996462,0.9108799999996356,0.9084709555497048,0.8875204614541712,0.79544,0.7957156607370092,0.009179602099275848,0.83336,0.61948,0.2534663267111778,3.5751559252702343,0.9479777500000002,0.9550917907064298,0.8774921301154249,0.88325,0.8362499999979094,0.9302499999976744,0.9230132450305657,0.8503199268719143,0.7665,0.7699090051861275,0.038596207232405214,0.8025,0.5835,0.30457486444711684
5,0.0001,0.9693212536,0.9716084527151421,0.9122970025046457,0.91316,0.9033199999996386,0.9229999999996308,0.9214542190301447,0.9051859406869194,0.8263199999999999,0.8264800643560668,0.010321076691508235,0.86608,0.68392,0.22466198941469193,3.075216925914518,0.9577583125,0.9616265232289529,0.886052871467639,0.890625,0.8504999999978737,0.9307499999976732,0.924707801030376,0.8616061096948354,0.78125,0.7837778656976687,0.033872513263565926,0.81775,0.638,0.27536066818237304
6,9.997266286704631e-05,0.9752671008,0.9772295315735926,0.921736675472383,0.92238,0.9141599999996343,0.9305999999996277,0.9294399934926473,0.9155483845575083,0.84476,0.8448741813088344,0.009945758289197516,0.8926,0.72352,0.20114607585787772,2.7489952778137425,0.9460589062499999,0.9353468644026662,0.870554012957821,0.877625,0.8229999999979425,0.9322499999976694,0.9239404995764133,0.8404327248121695,0.75525,0.7597979190040377,0.05500754870821261,0.78425,0.4175,0.6498713725209236
7,9.989068136093873e-05,0.9785381352,0.9801805263317395,0.9289460942543577,0.92956,0.9209199999996316,0.9381999999996247,0.937113318137033,0.9222632903425124,0.85912,0.8592482946608543,0.00947093418816007,0.90676,0.7612,0.18710031385540962,2.4780615557864625,0.95239403125,0.9560953468904715,0.8772721241873425,0.884375,0.8264999999979338,0.9422499999976444,0.9346904156038036,0.8444992157722507,0.76875,0.7739522137211237,0.049879964675040314,0.81025,0.59725,0.3207363892495632
8,9.975414512725057e-05,0.9827595248,0.9841231494582378,0.9369074992940417,0.93744,0.9289999999996283,0.9458799999996216,0.9449507689800045,0.9301785854767799,0.87488,0.875004668346294,0.009279980336135097,0.92412,0.79356,0.16662866357803344,2.3166068819990846,0.9451666875,0.9281440778824267,0.8748671625929861,0.88225,0.8232499999979419,0.9412499999976469,0.9333900226730913,0.8419051878335378,0.7645,0.7698786842326393,0.06470884081437675,0.7975,0.32,0.6248217420578003
9,9.956320346634876e-05,0.9848147072000001,0.9862517461750806,0.9414060928005151,0.94176,0.9357199999996256,0.9477999999996208,0.9471617134986853,0.9364872342103642,0.88352,0.8835844715026205,0.009930262196461728,0.93396,0.82224,0.15582375471293927,2.242084671462566,0.93853703125,0.9143121733142421,0.8637837837837837,0.874,0.7989999999980025,0.9489999999976275,0.9399999999972353,0.8252173913025539,0.748,0.7565597191865637,0.07545931060518489,0.79775,0.02725,12.3101565952003
10,9.931806517013612e-05,0.9865731088,0.9876439015454664,0.9449787294098672,0.94542,0.937399999999625,0.9534399999996186,0.9526810032924294,0.9383882524306372,0.89084,0.8909546204880531,0.0096389881449013,0.94096,0.83644,0.1466255185365677,2.184347988871985,0.9373710625000001,0.8945238839006121,0.8527849652730491,0.864875,0.7827499999980432,0.9469999999976325,0.9365839066678535,0.8133991840223033,0.72975,0.7397973779586279,0.08292484487817212,0.766,0.01225,13.792447300553322
11,9.901899829374047e-05,0.9880096280000003,0.9889352600912134,0.9482220835932627,0.94854,0.942399999999623,0.9546799999996181,0.9541165512489554,0.9430987473817746,0.89708,0.8971476467652001,0.009207354489331968,0.946,0.84828,0.13813430582672356,2.0978573666538707,0.9610508125000001,0.9608487491068504,0.8628634119583105,0.875,0.7864999999980338,0.9634999999975913,0.9556500607504386,0.8186066270161032,0.75,0.7620318338681052,0.07899107604635655,0.827,0.635,0.3280009424686432
12,9.86663298624003e-05,0.989456532,0.9903255151765789,0.9511202450032237,0.95148,0.9441199999996224,0.9588399999996164,0.9582250730752849,0.944930621254752,0.90296,0.9030578418644831,0.009256428919137454,0.95244,0.86528,0.12960569070667027,2.0444299196270284,0.9559326875,0.9612046677038659,0.8703703703703703,0.881,0.7989999999980025,0.9629999999975926,0.9557416267914003,0.8273195876270891,0.762,0.7724588308708891,0.08186132489219573,0.82975,0.64,0.3710075822174549
13,9.826044551386744e-05,0.9903059759999998,0.9912037082986396,0.9549158066268333,0.95518,0.9493199999996202,0.9610399999996155,0.9605779738531749,0.9499070889175069,0.9103600000000001,0.9104225292382729,0.008604189359883989,0.95756,0.8726,0.12380430981069804,2.0585950229243064,0.953572,0.9587241414308929,0.8497279196316451,0.865375,0.761249999998097,0.9694999999975763,0.961477739182313,0.8024001655269969,0.73075,0.7471303627010215,0.10142201377118658,0.81675,0.627,0.40763782006502153
14,9.780178907671789e-05,0.9916592496000001,0.9924719701911969,0.9585479716677399,0.9588,0.9527199999996189,0.964879999999614,0.9644476838350484,0.9532880177043339,0.9176,0.9176678482616907,0.008586853095391735,0.9634,0.89272,0.11457924119442701,2.0584940860478143,0.9351520312499999,0.8879453945201815,0.8594572701498583,0.869875,0.7957499999980107,0.9439999999976401,0.9342530085091452,0.8221206183304548,0.73975,0.7480156351694439,0.08574593953680323,0.773,0.012,2.8467435313761236
15,9.729086208503174e-05,0.9922053008,0.9929682145546814,0.9602991135143828,0.9605,0.9554399999996178,0.9655599999996137,0.9652079039879722,0.95588642933475,0.921,0.9210471654540473,0.007402906518257304,0.96712,0.89948,0.11011064196705818,2.0716263041786864,0.9380903437500001,0.8918922851403452,0.8633938100320171,0.872,0.8089999999979776,0.9349999999976625,0.9256292906152013,0.8303730017743554,0.744,0.7499771366789602,0.08232593143890912,0.77025,0.00875,5.460649196982383
16,9.672822322997305e-05,0.9930798016,0.9937330256454295,0.9628290134619248,0.963,0.9583999999996166,0.9675999999996129,0.9672991521998516,0.9587792310737381,0.926,0.9260391908078501,0.007917613855441367,0.97072,0.90856,0.10363524544358253,2.010798200083061,0.93540125,0.8964299242120464,0.8548955790615677,0.86625,0.78799999999803,0.9444999999976388,0.9342027267310783,0.8166882836125883,0.7324999999999999,0.7416385002681947,0.09788134248184803,0.77075,0.0045,1.382367147177458
17,9.611448774886924e-05,0.9936399535999999,0.9940783679546197,0.9644874088068011,0.96466,0.9597999999996161,0.9695199999996121,0.9692208264325365,0.9601869825294298,0.92932,0.9293639034443139,0.009009150159878607,0.97128,0.91076,0.10045644603088498,2.0329134092902765,0.95309184375,0.9471001541045941,0.8718017414601473,0.880375,0.8134999999979663,0.9472499999976319,0.9391053391026288,0.8355016538019063,0.76075,0.767647230083968,0.07737108937818367,0.8085,0.5295,0.4674487870037556
18,9.545032675245813e-05,0.9940191799999997,0.9946076004281383,0.966400064306097,0.96656,0.9617999999996153,0.9713199999996115,0.9710443421367534,0.9621602345665417,0.93312,0.9331622873938382,0.007733878900878737,0.97524,0.9174,0.09541695883750916,1.9584887813912586,0.94116225,0.9018849673710002,0.8650666666666667,0.8735,0.8109999999979726,0.93599999999766,0.9268571428544947,0.8319999999981511,0.747,0.7529052302343806,0.08367115682524945,0.77125,0.01725,1.3202807202339173
19,9.473646649103818e-05,0.9945868255999999,0.9951033783158738,0.967159739528901,0.96732,0.962439999999615,0.972199999999611,0.9719259977375295,0.9628030423067014,0.93464,0.9346845189622345,0.007709002560847465,0.97624,0.92252,0.09183747308850289,1.9448648225170484,0.93317025,0.8873617681729413,0.8578391551584078,0.86875,0.7919999999980201,0.9454999999976362,0.9356172474869001,0.8196792371026882,0.7375,0.7463451998828488,0.0936730143106083,0.7815,0.00325,3.252365658968687
20,9.397368756032445e-05,0.9950808144,0.9955070893524143,0.9695093763190159,0.96966,0.9647199999996141,0.9745999999996101,0.9743465438528767,0.9650651562558066,0.93932,0.9393658489357686,0.007281080416423596,0.97924,0.93008,0.087416039115265,1.9788982548684797,0.9467714374999999,0.9327009723732335,0.8553407376936789,0.868125,0.7797499999980506,0.9564999999976088,0.9471606437869811,0.8128319524095755,0.7362500000000001,0.7480271044241003,0.09531056627401181,0.79325,0.436,1.2961717776060104
21,9.316282404787871e-05,0.9955781136,0.9958828067263796,0.9702067857859867,0.97032,0.9665199999996134,0.9741199999996103,0.973921805723106,0.9667725287808786,0.94064,0.9406671668600741,0.008010785870468263,0.98092,0.93384,0.08361339994974434,1.9362207984054844,0.941596375,0.9064074338426683,0.8754486242190616,0.882875,0.8232499999979419,0.9424999999976438,0.934714731760049,0.8420817511707793,0.7657499999999999,0.7712534646974066,0.07915100947612155,0.8015,0.0055,3.1636278825998305
22,9.230476262104677e-05,0.9957499472,0.9960772023362371,0.971412511041516,0.97152,0.9677599999996128,0.9752799999996099,0.975092697081664,0.9680006352227378,0.94304,0.9430666657755835,0.0071875309892053835,0.9822,0.93728,0.08126162738405168,1.9624233831957183,0.9461353749999999,0.926015003519083,0.8787559304164471,0.885,0.8334999999979162,0.9364999999976588,0.9292084726841439,0.8490480507687012,0.77,0.7741172540785838,0.0779596573163356,0.803,0.30175,0.7183111785948276
23,9.140044155740101e-05,0.9963081696000001,0.9966675029978784,0.9735944460050564,0.97368,0.9704399999996118,0.9769199999996092,0.9767694661401978,0.9706303155548165,0.94736,0.9473798906390861,0.006776935632902423,0.98516,0.94336,0.0750457440289855,1.910102996023006,0.9363214375,0.9345313150644733,0.856442386270771,0.86825,0.785999999998035,0.9504999999976238,0.9407540394944921,0.8162301416899609,0.7364999999999999,0.7466718485691779,0.09972406123203506,0.78675,0.50825,0.6441048876047134
24,9.045084971874738e-05,0.996453644,0.9966871244440196,0.9725565719788156,0.97264,0.9695999999996121,0.9756799999996097,0.9755312298772635,0.9697837150123371,0.94528,0.9452974722837131,0.007882237750963705,0.98396,0.94268,0.07589634682510048,1.8929673221590317,0.94290121875,0.9274075787746752,0.8504737058904298,0.863875,0.7742499999980644,0.9534999999976163,0.943344501977023,0.8085647657392229,0.72775,0.7397310116412834,0.10549235084670937,0.7805,0.2635,0.6628952133357525
25,8.945702546981969e-05,0.9966833007999998,0.9968852334347854,0.9747656234316343,0.97486,0.9711199999996115,0.9785999999996086,0.9784387216374568,0.9713344185488659,0.94972,0.9497465697218891,0.0070242970299854894,0.98576,0.95144,0.0717641122040525,1.887349721027618,0.9467165312499999,0.9381502786911353,0.861850101282917,0.872125,0.7977499999980057,0.9464999999976338,0.9371512481617118,0.8239390641984246,0.7442500000000001,0.752623056368468,0.09369065990134577,0.7905,0.42825,0.5996180050075054
26,8.842005554284296e-05,0.9969919568,0.9972133534371205,0.9761016881190104,0.97616,0.9737199999996105,0.9785999999996086,0.9784950558722653,0.9738476235964597,0.95232,0.9523313396672399,0.007274817827148863,0.9878,0.95168,0.0687486267837137,1.916260193274264,0.9531758125,0.9583109960387377,0.8687832129717945,0.879625,0.7969999999980075,0.9622499999975944,0.9547768793023218,0.8257884574108008,0.75925,0.7698338989047926,0.09468951120315153,0.82925,0.59725,0.4902596286535263
