epoch,train_auc,train_auc_pr,train_f1,train_sensitivity,train_specificity,train_kappa,train_mcc,train_sens@95,train_sens@99,train_loss,val_auc,val_auc_pr,val_f1,val_sensitivity,val_specificity,val_kappa,val_mcc,val_sens@95,val_sens@99,val_loss
1,1.0,1.0,1.0,0.9999999998863637,0.9999999999218749,1.0,1.0,0.0,0.0,0.0705799954712684,1.0,0.9999999999999998,1.0,0.9999999995454545,0.9999999996875,1.0,1.0,0.0,0.0,0.008452996801309011
2,1.0,1.0,1.0,0.9999999998863637,0.9999999999218749,1.0,1.0,0.0,0.0,0.00343660306895833,1.0,0.9999999999999998,1.0,0.9999999995454545,0.9999999996875,1.0,1.0,0.0,0.0,0.003076183836027566
3,1.0,1.0,1.0,0.9999999998863637,0.9999999999218749,1.0,1.0,0.0,0.0,0.001212485222721524,1.0,0.9999999999999998,1.0,0.9999999995454545,0.9999999996875,1.0,1.0,0.0,0.0,0.001690564458301567
4,1.0,1.0,1.0,0.9999999998863637,0.9999999999218749,1.0,1.0,0.0,0.0,0.0005779120302846692,1.0,0.9999999999999998,1.0,0.9999999995454545,0.9999999996875,1.0,1.0,0.0,0.0,0.0007849839258361262
5,1.0,1.0,1.0,0.9999999998863637,0.9999999999218749,1.0,1.0,0.0,0.0,0.0002807047539203335,1.0,0.9999999999999998,1.0,0.9999999995454545,0.9999999996875,1.0,1.0,0.0,0.0,0.0007449343446987095
6,1.0,1.0,1.0,0.9999999998863637,0.9999999999218749,1.0,1.0,0.0,0.0,0.00028978080420664036,1.0,0.9999999999999998,1.0,0.9999999995454545,0.9999999996875,1.0,1.0,0.0,0.0,0.00266992871237798
7,1.0,1.0,1.0,0.9999999998863637,0.9999999999218749,1.0,1.0,0.0,0.0,0.00013126177268279408,1.0,0.9999999999999998,1.0,0.9999999995454545,0.9999999996875,1.0,1.0,0.0,0.0,0.0016381469978552087
8,1.0,1.0,1.0,0.9999999998863637,0.9999999999218749,1.0,1.0,0.0,0.0,0.00011839905548177503,1.0,0.9999999999999998,1.0,0.9999999995454545,0.9999999996875,1.0,1.0,0.0,0.0,0.0001816669348584212
9,1.0,1.0,1.0,0.9999999998863637,0.9999999999218749,1.0,1.0,0.0,0.0,0.00011005233875283482,1.0,0.9999999999999998,1.0,0.9999999995454545,0.9999999996875,1.0,1.0,0.0,0.0,0.0005575251722162917
10,1.0,1.0,1.0,0.9999999998863637,0.9999999999218749,1.0,1.0,0.0,0.0,5.8553530113545935e-05,1.0,0.9999999999999998,1.0,0.9999999995454545,0.9999999996875,1.0,1.0,0.0,0.0,0.0006591884056332572
11,1.0,1.0,1.0,0.9999999998863637,0.9999999999218749,1.0,1.0,0.0,0.0,4.6409973507437554e-05,1.0,0.9999999999999998,1.0,0.9999999995454545,0.9999999996875,1.0,1.0,0.0,0.0,0.00047273446196211607
12,1.0,1.0,1.0,0.9999999998863637,0.9999999999218749,1.0,1.0,0.0,0.0,5.0362389190341775e-05,1.0,0.9999999999999998,1.0,0.9999999995454545,0.9999999996875,1.0,1.0,0.0,0.0,8.623977124376256e-05
13,1.0,1.0,1.0,0.9999999998863637,0.9999999999218749,1.0,1.0,0.0,0.0,4.1582413812361835e-05,1.0,0.9999999999999998,1.0,0.9999999995454545,0.9999999996875,1.0,1.0,0.0,0.0,0.0001401077527892388
14,1.0,1.0,1.0,0.9999999998863637,0.9999999999218749,1.0,1.0,0.0,0.0,3.080803414084804e-05,1.0,0.9999999999999998,1.0,0.9999999995454545,0.9999999996875,1.0,1.0,0.0,0.0,0.0001849036684520629
15,1.0,1.0,1.0,0.9999999998863637,0.9999999999218749,1.0,1.0,0.0,0.0,2.9457954345991345e-05,1.0,0.9999999999999998,1.0,0.9999999995454545,0.9999999996875,1.0,1.0,0.0,0.0,0.00011742547859386023
16,1.0,1.0,1.0,0.9999999998863637,0.9999999999218749,1.0,1.0,0.0,0.0,2.4945657289494933e-05,1.0,0.9999999999999998,1.0,0.9999999995454545,0.9999999996875,1.0,1.0,0.0,0.0,0.0002265978957641184
